topic number,topic ngram 1,topic ngram 2,topic ngram 3,topic ngram 4,topic ngram 5,topic ngram 6,topic ngram 7,topic ngram 8,topic ngram 9,topic ngram 10
0,ton work,motivated work,work semester,constant reminder,lets talk,instead working,tired wanna,bell lets talk,depression anxiety better,feels break
1,weight gain,bring doctor,mg wellbutrin,birth control,brain zaps,breaking things,low dose,prescribed mg,taking lexapro,wellbutrin xl
2,help help,help depression,thinks burden,experienced depression,care theres,say help,longer depressed,overcome depressed,questioning deserves thinks,felt potential
3,medical student,tell parents,parents depression,making world war,depression function,hand fair help,hand fair,think ending miserable,hours pretty introverted,hospital dont want
4,personal level,age look,make friendships,true friend,friends getting,exhausting talk,dont leave house,age look old,awkward good,thoughts racing
5,person thoughts,tell people kill,lot suicidal,lot suicidal thoughts,thoughts suicide,gonna tonight,fourth hs,fine hate,leave sub,thoughts id
6,open track,owmfjtupls lgphmhscwymepbbdz,cilqvodbwctphoukbs zll,hza tx,text epa,rrxfnbcijduqjpdznryij rh fthhb,owmfjtupls lgphmhscwymepbbdz kknu,px ipuiqleegvkftaenz jowwbbsjmkgogy,px ipuiqleegvkftaenz,gg tn
7,leave country,times wanted,end marriage,voice god,wanted kill,money parents,getting divorce,dont rlly,waiting home,emotionally abusive
8,tells feels,didnt reply,depression coming,happened told,genuinely care,needs help,doesnt want,want leave house,mother left,help hey
9,end seriously,sure wont,girl truly,taking life,edge breakup,closest got crying,friends suggested did,polyamorous said texting,close taking,close taking life
10,middle schooler,feeling guilty,motivation right,stop feeling guilty,asked mutual friend,heart soul,asked mutual,want ok,want properly,mutual friend
11,build yoga,asking money,family siblings,dream school,clear signs,home covid,terrible money,navigate situation,thats avoiding,work devil
12,identity crisis,obedient son,missed youth,failed career,missed having,thought ending,away getting,thats figured,feeling meaningless,head wont
13,school friends,elementary school,watch flptm tig,complete piece,complete piece trash,havent ruled,sub post,violent tendencies,age didnt,different superior
14,housing complex,said wasnt,visit dog,long island,wanted space,home nights,loved long,boyfriends matt,goes school,ended relationship guilt
15,women dont,kissed virgin,fat ugly,ugly short,attractive women dont,short poor,ugly short poor,fat ugly short,date fat,dont date
